<?xml version="1.0" encoding="UTF-8"?>
<UserIntentions mediaName="CODE\linux_a64\X3D_SWYM.media" mediaVersion="426">
  <SetVariable name="Java@jdk" value="/app/openjdk/jdk17"/>
  <SetVariable name="installEmbeddedServerJRE" value="false"/>
  <SetVariable name="X3DCSMA_3DPassportURL" value="https://r2024x.mydomain.com:443/3dpassport"/>
  <SetVariable name="X3DCSMA_3DSWYM_FULL_TEXT_SEARCH" value="http://r2024x.mydomain.com:29000"/>
  <SetVariable name="X3DCSMA_3DDashboardURL" value="https://r2024x.mydomain.com:443/3ddashboard"/>
  <SetVariable name="X3DCSMA_3DCompassURL" value="https://r2024x.mydomain.com:443/3dspace"/>
  <SetVariable name="X3DCSMA_6WTAGURL" value="https://r2024x.mydomain.com:443/3dspace"/>
  <SetVariable name="X3DCSMA_3DSWYMURL" value="https://r2024x.mydomain.com:443/3dswym"/>
  <SetVariable name="X3DCSMA_3DCommentURL" value="https://r2024x.mydomain.com:443/3dcomment"/>
  <SetVariable name="X3DCSMA_3DNotificationURL" value="https://r2024x.mydomain.com:443/3dnotification"/>
  <SetVariable name="SHARED_DIR" value="/app/DassaultSystemes/R2024x/3DSwymData"/>
  <SetVariable name="LOG_DIR" value="/app/DassaultSystemes/R2024x/3DSwymLog"/>
  <SetVariable name="TMP_DIR" value="/app/DassaultSystemes/R2024x/3DSwymTemp"/>
  <SetVariable name="install_Embedded_TomEE" value="true"/>
  <SetVariable name="TomEEConnectionPort" value="8092"/>
  <SetVariable name="DB_ORACLE_TNSNAMES_DIR" value=""/>
  <SetVariable name="DB_ORACLE_FULLSERVICE" value="//localhost:1521/MYDB"/>
  <SetVariable name="DB_ORACLE_FULLSERVICE_MEDIA" value="//localhost:1521/MYDB"/>
  <SetVariable name="DB_ORACLE_FULLSERVICE_WP" value="//localhost:1521/MYDB"/>
  <SetVariable name="DB_ORACLE_USER" value="x3dswym"/>
  <SetVariableProtected name="DB_ORACLE_PASSWORD" value="Put your password here."/>
  <SetVariable name="DB_ORACLE_USER_MEDIA" value="x3dswym_media"/>
  <SetVariableProtected name="DB_ORACLE_PASSWORD_MEDIA" value="Put your password here."/>
  <SetVariable name="DB_ORACLE_USER_WP" value="x3dswym_widget"/>
  <SetVariableProtected name="DB_ORACLE_PASSWORD_WP" value="Put your password here."/>
  <SetVariable item="oracle" name="DB_TYPE" value="true"/>
  <SetVariable name="IS_BATCH_SERVER" value="true"/>
  <SetVariable name="ENOVIA_USER" value="admin_platform"/>
  <SetVariableProtected name="ENOVIA_PASSWORD" value="Put your password here."/>
  <SetVariable name="X3DCSMA_SMTP_HOST" value="localhost"/>
  <SetVariable name="X3DCSMA_SMTP_MAIL_SENDER" value="admin_platform@mydomain.com"/>
  <SetVariable name="certificates_repository" value="/tmp/DassaultSystemes"/>
  <SetVariableProtected name="CV_ADMIN_PASSWORD" value="Put your password here."/>
  <SetVariable name="DATADIR" value="/app/DassaultSystemes/R2024x/3DSwym/linux_a64/datadir"/>
  <SetVariable name="DSYWelcomePanel"/>
  <SetVariable name="TARGET_PATH" value="/app/DassaultSystemes/R2024x/3DSwym"/>
  <!--3DSwym Foundation-->
  <SetVariable item="CODE\linux_a64\X3DSWYM_TP.prd" name="SelectProduct" value="true"/>
  <!--3DSwym Video Converter-->
  <SetVariable item="CODE\linux_a64\X3DVICO_TP.prd" name="SelectProduct" value="true"/>
  <!--3DSwym Index-->
  <SetVariable item="CODE\linux_a64\X3DSWCV_TP.prd" name="SelectProduct" value="true"/>
  <SetVariable name="FinishPanel"/>
</UserIntentions>