<?xml version="1.0" encoding="UTF-8"?>
<UserIntentions mediaName="CODE\linux_a64\ENOVIA_PIX.media" mediaVersion="426">
  <SetVariable name="BBD_HOST" value="localhost"/>
  <SetVariable name="BBD_PORT" value="8070"/>
  <SetVariable name="BBD_URI" value="internal"/>
  <SetVariable name="BBD_USER" value="3DIndexAdminUser"/>
  <SetVariableProtected name="BBD_PASSWD" value="Put your password here."/>
  <SetVariable name="BBD_ROLE" value="VPLMAdmin.Company Name.Default"/>
  <SetVariable name="BBD_PATH" value="/app/DassaultSystemes/R2024x/VolumeSearch/3DIndexes"/>
  <SetVariable name="DSYWelcomePanel"/>
  <SetVariable name="TARGET_PATH" value="/app/DassaultSystemes/R2024x/VolumeSearch"/>
  <SetVariable name="FinishPanel"/>
</UserIntentions>