<?xml version="1.0" encoding="UTF-8"?>
<UserIntentions mediaName="CODE\linux_a64\ENOVIA_C3C.media" mediaVersion="426">
  <SetVariable name="PATH_PH_Server" value="/app/DassaultSystemes/R2024x/3DSpace"/>
  <SetVariable name="Text_SuperUserName" value="creator"/>
  <SetVariableProtected name="Text_SuperUserPwd" value="Put your password here."/>
  <SetVariable name="AUTOVUE_SERVER_HostName" value="r2024x.mydomain.com"/>
  <SetVariable name="AUTOVUE_SERVER_Port" value="5099"/>
  <SetVariable name="DSYWelcomePanel"/>
  <SetVariable name="TARGET_PATH" value="/app/DassaultSystemes/R2024x/3DSpace/Apps/AutoVueViewer/V6R2024x"/>
  <SetVariable name="FinishPanel"/>
</UserIntentions>