<?xml version="1.0" encoding="UTF-8"?>
<UserIntentions mediaName="CODE\linux_a64\X3D_CMNT.media" mediaVersion="426">
  <SetVariable name="Java@jdk" value="/app/openjdk/jdk17"/>
  <SetVariable name="installEmbeddedServerJRE" value="false"/>
  <SetVariable name="X3DCSMA_3DPassportURL" value="https://r2024x.mydomain.com:443/3dpassport"/>
  <SetVariable name="X3DCSMA_3DDashboardURL" value="https://r2024x.mydomain.com:443/3ddashboard"/>
  <SetVariable name="X3DCSMA_3DCompassURL" value="https://r2024x.mydomain.com:443/3dspace"/>
  <SetVariable name="X3DCSMA_3DCommentURL" value="https://r2024x.mydomain.com:443/3dcomment"/>
  <SetVariable name="X3DCSMA_3DNotificationURL" value="https://r2024x.mydomain.com:443/3dnotification"/>
  <SetVariable name="SOCIAL_SHARED_DIR" value="/app/DassaultSystemes/R2024x/3DCommentData"/>
  <SetVariable name="SOCIAL_LOG_DIR" value="/app/DassaultSystemes/R2024x/3DComment"/>
  <SetVariable name="SOCIAL_TMP_DIR" value="/app/DassaultSystemes/R2024x/3DCommentTemp"/>
  <SetVariable name="install_Embedded_TomEE" value="true"/>
  <SetVariable name="TomEEConnectionPort" value="8088"/>
  <SetVariable name="SOCIAL_DB_ORACLE_TNSNAMES_DIR" value=""/>
  <SetVariable name="SOCIAL_DB_ORACLE_FULLSERVICE" value="//localhost:1521/MYDB"/>
  <SetVariable name="SOCIAL_DB_ORACLE_USER" value="x3dcomment"/>
  <SetVariableProtected name="SOCIAL_DB_ORACLE_PASSWORD" value="Put your password here."/>
  <SetVariable item="oracle" name="SOCIAL_DB_TYPE" value="true"/>
  <SetVariable name="IS_BATCH_SERVER" value="true"/>
  <SetVariable name="DSYWelcomePanel"/>
  <SetVariable name="TARGET_PATH" value="/app/DassaultSystemes/R2024x/3DComment"/>
  <SetVariable name="FinishPanel"/>
</UserIntentions>