<?xml version="1.0" encoding="UTF-8"?>
<UserIntentions mediaName="CODE\linux_a64\CATIA_TRA.media" mediaVersion="426">
  <SetVariable name="VPLMCentralAdminUser" value="admin_platform"/>
  <SetVariableProtected name="VPLMCentralAdminPwd" value="Put your password here."/>
  <SetVariable name="PATH_PH_Server" value="/app/DassaultSystemes/R2024x/3DSpace"/>
  <SetVariable name="Text_SuperUserName" value="creator"/>
  <SetVariableProtected name="Text_SuperUserPwd" value="Put your password here."/>
  <SetVariable name="Check_ExecuteFamiliesScript" value="true"/>
  <SetVariable name="DSYWelcomePanel"/>
  <SetVariable name="TARGET_PATH" value="/app/DassaultSystemes/R2024x/TRA"/>
  <!--CATTRA_TP - CATIA Systems Synthesis Designer Technical Product-->
  <SetVariable item="CODE\linux_a64\CATTRA_TP.prd" name="SelectProduct" value="true"/>
  <SetVariable name="FinishPanel"/>
</UserIntentions>